error2004,,
  predictedround actualround,,
1              9          23,,
2             38          33,,
3             25          18,,
4             23          17,,
0.1979086,,
  predictedround actualround,,
1             33          23,,
2             14          33,,
3             35          18,,
4             33          17,,
0.3868416,,
  predictedround actualround,,
1             22          23,,
2             23          33,,
3             22          18,,
4             37          17,,
0.2189749,,
  predictedround actualround,,
1             18          23,,
2             14          33,,
3             36          18,,
4             29          17,,
0.3334132,,
  predictedround actualround,,
1             28          23,,
2             13          33,,
3             38          18,,
4             25          17,,
0.3376615,,
  predictedround actualround,,
1             31          23,,
2             14          33,,
3             34          18,,
4             28          17,,
0.3387367,,
  predictedround actualround,,
1             19          23,,
2             16          33,,
3             24          18,,
4             24          17,,
0.2151611,,
  predictedround actualround,,
1             27          23,,
2             15          33,,
3             35          18,,
4             24          17,,
0.2823152,,
  predictedround actualround,,
1             29          23,,
2             19          33,,
3             40          18,,
4             16          17,,
0.2642638,,
  predictedround actualround,,
1             27          23,,
2             12          33,,
3             35          18,,
4             34          17,,
0.3646647,,
