error2004,,
  predictedround actualround,,
1             15          20,,
2             18          14,,
3             13          13,,
4              8          12,,
0.1498896,,
  predictedround actualround,,
1             12          20,,
2             21          14,,
3             15          13,,
4             21          12,,
0.2899206,,
  predictedround actualround,,
1             16          20,,
2             18          14,,
3             16          13,,
4             11          12,,
0.1466095,,
  predictedround actualround,,
1             12          20,,
2             13          14,,
3             13          13,,
4              8          12,,
0.1520917,,
  predictedround actualround,,
1              8          20,,
2              8          14,,
3             10          13,,
4             21          12,,
0.3390316,,
  predictedround actualround,,
1             18          20,,
2             15          14,,
3              6          13,,
4             17          12,,
0.1748433,,
  predictedround actualround,,
1             12          20,,
2             18          14,,
3             16          13,,
4             15          12,,
0.2028854,,
  predictedround actualround,,
1             19          20,,
2             15          14,,
3             15          13,,
4              9          12,,
0.07284502,,
  predictedround actualround,,
1             14          20,,
2             14          14,,
3              5          13,,
4             17          12,,
0.2278998,,
  predictedround actualround,,
1             17          20,,
2             20          14,,
3             14          13,,
4              8          12,,
0.1546284,,
