error2004,,
  predictedround actualround,,
1             30          28,,
2             31          27,,
3             29          37,,
4             41          33,,
0.1317144,,
  predictedround actualround,,
1             41          28,,
2             42          27,,
3             42          37,,
4             42          33,,
0.2494374,,
  predictedround actualround,,
1             28          28,,
2             44          27,,
3             38          37,,
4             43          33,,
0.1610892,,
  predictedround actualround,,
1             20          28,,
2             36          27,,
3             40          37,,
4             42          33,,
0.1707806,,
  predictedround actualround,,
1             19          28,,
2             32          27,,
3             40          37,,
4             42          33,,
0.1584923,,
  predictedround actualround,,
1             35          28,,
2             39          27,,
3             36          37,,
4             37          33,,
0.1405449,,
  predictedround actualround,,
1             38          28,,
2             19          27,,
3             31          37,,
4             39          33,,
0.1832262,,
  predictedround actualround,,
1             42          28,,
2             39          27,,
3             39          37,,
4             41          33,,
0.2075025,,
  predictedround actualround,,
1             30          28,,
2             43          27,,
3             40          37,,
4             42          33,,
0.1731757,,
  predictedround actualround,,
1             38          28,,
2             40          27,,
3             39          37,,
4             39          33,,
0.1866826,,
