error2004,,
  predictedround actualround,,
1             16          22,,
2             21          26,,
3             27          27,,
4             28          21,,
0.115402,,
  predictedround actualround,,
1             18          22,,
2             15          26,,
3             21          27,,
4             34          21,,
0.2193132,,
  predictedround actualround,,
1             17          22,,
2             13          26,,
3             17          27,,
4             26          21,,
0.2190697,,
  predictedround actualround,,
1             21          22,,
2             27          26,,
3              7          27,,
4             37          21,,
0.2499307,,
  predictedround actualround,,
1             20          22,,
2             26          26,,
3             30          27,,
4             33          21,,
0.1085944,,
  predictedround actualround,,
1             24          22,,
2             34          26,,
3             32          27,,
4             33          21,,
0.1808724,,
  predictedround actualround,,
1             23          22,,
2             23          26,,
3             17          27,,
4             29          21,,
0.1472131,,
  predictedround actualround,,
1             22          22,,
2             25          26,,
3             19          27,,
4             26          21,,
0.09164948,,
  predictedround actualround,,
1              6          22,,
2             11          26,,
3             35          27,,
4             34          21,,
0.3478588,,
  predictedround actualround,,
1             20          22,,
2             23          26,,
3             32          27,,
4             32          21,,
0.141301,,
