error2004,,
  predictedround actualround,,
1             41          18,,
2             18          34,,
3             41          36,,
4             41          29,,
0.3403493,,
  predictedround actualround,,
1             36          18,,
2             16          34,,
3             40          36,,
4             31          29,,
0.2519075,,
  predictedround actualround,,
1             38          18,,
2             14          34,,
3             38          36,,
4             36          29,,
0.3052388,,
  predictedround actualround,,
1             41          18,,
2             19          34,,
3             41          36,,
4             27          29,,
0.275844,,
  predictedround actualround,,
1             41          18,,
2             32          34,,
3             41          36,,
4             40          29,,
0.2482281,,
  predictedround actualround,,
1             39          18,,
2             21          34,,
3             41          36,,
4             40          29,,
0.3030098,,
  predictedround actualround,,
1             41          18,,
2             24          34,,
3             41          36,,
4             40          29,,
0.2966447,,
  predictedround actualround,,
1             41          18,,
2             16          34,,
3             39          36,,
4             38          29,,
0.3196342,,
  predictedround actualround,,
1             40          18,,
2             34          34,,
3             38          36,,
4             37          29,,
0.1968515,,
  predictedround actualround,,
1             41          18,,
2             16          34,,
3             41          36,,
4             35          29,,
0.3206681,,
