error2004,,
  predictedround actualround,,
1             21          10,,
2             19          12,,
3             16          12,,
4             12          13,,
0.219735,,
  predictedround actualround,,
1             15          10,,
2             21          12,,
3             11          12,,
4              9          13,,
0.187751,,
  predictedround actualround,,
1             21          10,,
2             20          12,,
3             26          12,,
4             25          13,,
0.4392394,,
  predictedround actualround,,
1             18          10,,
2             14          12,,
3             10          12,,
4              9          13,,
0.151468,,
  predictedround actualround,,
1             17          10,,
2             24          12,,
3             15          12,,
4             17          13,,
0.2503696,,
  predictedround actualround,,
1             12          10,,
2             17          12,,
3             10          12,,
4              5          13,,
0.1605888,,
  predictedround actualround,,
1             18          10,,
2             23          12,,
3             17          12,,
4              5          13,,
0.3068222,,
  predictedround actualround,,
1             16          10,,
2             24          12,,
3             14          12,,
4             12          13,,
0.2065647,,
  predictedround actualround,,
1             26          10,,
2             22          12,,
3             18          12,,
4             16          13,,
0.3396993,,
  predictedround actualround,,
1             18          10,,
2             23          12,,
3             23          12,,
4             20          13,,
0.3635781,,
