error2004,,
  predictedround actualround,,
1             11          18,,
2             15          15,,
3             37          21,,
4              9          22,,
0.2341227,,
  predictedround actualround,,
1             22          18,,
2             11          15,,
3             28          21,,
4              8          22,,
0.1861549,,
  predictedround actualround,,
1             11          18,,
2             23          15,,
3             28          21,,
4             20          22,,
0.1529001,,
  predictedround actualround,,
1             26          18,,
2             11          15,,
3             16          21,,
4             18          22,,
0.1384704,,
  predictedround actualround,,
1             25          18,,
2             20          15,,
3             37          21,,
4              7          22,,
0.2733537,,
  predictedround actualround,,
1             19          18,,
2             11          15,,
3             28          21,,
4              8          22,,
0.1671509,,
  predictedround actualround,,
1             13          18,,
2             29          15,,
3             30          21,,
4             12          22,,
0.2411328,,
  predictedround actualround,,
1             11          18,,
2             13          15,,
3             25          21,,
4             11          22,,
0.1581542,,
  predictedround actualround,,
1             13          18,,
2              9          15,,
3             14          21,,
4              6          22,,
0.2161833,,
  predictedround actualround,,
1             14          18,,
2              9          15,,
3             27          21,,
4             15          22,,
0.1489993,,
