error2004,,
  predictedround actualround,,
1             39          32,,
2             41          42,,
3             42          43,,
4             42          38,,
0.07638971,,
  predictedround actualround,,
1             42          32,,
2             40          42,,
3             42          43,,
4             39          38,,
0.08199895,,
  predictedround actualround,,
1             40          32,,
2             39          42,,
3             40          43,,
4             38          38,,
0.08083116,,
  predictedround actualround,,
1             41          32,,
2             40          42,,
3             42          43,,
4             36          38,,
0.07647652,,
  predictedround actualround,,
1             41          32,,
2             41          42,,
3             42          43,,
4             41          38,,
0.08526049,,
  predictedround actualround,,
1             39          32,,
2             40          42,,
3             42          43,,
4             40          38,,
0.07098084,,
  predictedround actualround,,
1             42          32,,
2             41          42,,
3             42          43,,
4             33          38,,
0.09994425,,
  predictedround actualround,,
1             41          32,,
2             39          42,,
3             41          43,,
4             12          38,,
0.2312164,,
  predictedround actualround,,
1             41          32,,
2             28          42,,
3             41          43,,
4             31          38,,
0.1885963,,
  predictedround actualround,,
1             41          32,,
2             41          42,,
3             42          43,,
4             27          38,,
0.1290515,,
