error2004,,
  predictedround actualround,,
1             21          16,,
2             16          16,,
3             12          15,,
4             23          16,,
0.1354924,,
  predictedround actualround,,
1             20          16,,
2             20          16,,
3             17          15,,
4             20          16,,
0.1134879,,
  predictedround actualround,,
1             11          16,,
2             10          16,,
3             13          15,,
4             20          16,,
0.1584721,,
  predictedround actualround,,
1             12          16,,
2             13          16,,
3             16          15,,
4             21          16,,
0.1097735,,
  predictedround actualround,,
1              9          16,,
2              9          16,,
3              8          15,,
4             14          16,,
0.1939745,,
  predictedround actualround,,
1             22          16,,
2             16          16,,
3             14          15,,
4             28          16,,
0.1631177,,
  predictedround actualround,,
1             28          16,,
2             12          16,,
3             12          15,,
4             19          16,,
0.1982748,,
  predictedround actualround,,
1             13          16,,
2             13          16,,
3             14          15,,
4             22          16,,
0.1107572,,
  predictedround actualround,,
1             13          16,,
2             11          16,,
3             12          15,,
4             19          16,,
0.111585,,
  predictedround actualround,,
1              9          16,,
2              9          16,,
3             11          15,,
4             11          16,,
0.2098064,,
