error2004,,
  predictedround actualround,,
1             10          10,,
2              9          11,,
3             11          21,,
4             12          18,,
0.2113114,,
  predictedround actualround,,
1             12          10,,
2             11          11,,
3             14          21,,
4             14          18,,
0.1642199,,
  predictedround actualround,,
1             12          10,,
2             12          11,,
3             12          21,,
4             12          18,,
0.2137934,,
  predictedround actualround,,
1             10          10,,
2             12          11,,
3             11          21,,
4             13          18,,
0.1910809,,
  predictedround actualround,,
1              7          10,,
2              7          11,,
3              8          21,,
4             10          18,,
0.333181,,
  predictedround actualround,,
1              9          10,,
2              7          11,,
3              6          21,,
4             14          18,,
0.2894359,,
  predictedround actualround,,
1             16          10,,
2             13          11,,
3             10          21,,
4             15          18,,
0.2553247,,
  predictedround actualround,,
1             11          10,,
2             12          11,,
3             13          21,,
4             15          18,,
0.1527851,,
  predictedround actualround,,
1              7          10,,
2              8          11,,
3             10          21,,
4             18          18,,
0.2059707,,
  predictedround actualround,,
1             11          10,,
2             10          11,,
3             12          21,,
4             18          18,,
0.1383799,,
