error2004,,
  predictedround actualround,,
1             25          20,,
2             12          12,,
3             17          16,,
4             31          14,,
0.1520291,,
  predictedround actualround,,
1             26          20,,
2             33          12,,
3             24          16,,
4             29          14,,
0.3400904,,
  predictedround actualround,,
1             25          20,,
2              8          12,,
3              8          16,,
4             17          14,,
0.1278309,,
  predictedround actualround,,
1             25          20,,
2              5          12,,
3             18          16,,
4             36          14,,
0.245916,,
  predictedround actualround,,
1             15          20,,
2              3          12,,
3             22          16,,
4             23          14,,
0.1936278,,
  predictedround actualround,,
1             36          20,,
2             15          12,,
3             31          16,,
4             26          14,,
0.3051082,,
  predictedround actualround,,
1             23          20,,
2              7          12,,
3             18          16,,
4             20          14,,
0.1067401,,
  predictedround actualround,,
1             23          20,,
2              6          12,,
3             10          16,,
4             14          14,,
0.1055735,,
  predictedround actualround,,
1             17          20,,
2              5          12,,
3             11          16,,
4             35          14,,
0.2452301,,
  predictedround actualround,,
1             22          20,,
2              8          12,,
3             14          16,,
4             30          14,,
0.1728342,,
