error2004,,
  predictedround actualround,,
1             29          36,,
2             29          32,,
3             16          27,,
4             15          25,,
0.2186947,,
  predictedround actualround,,
1             29          36,,
2             29          32,,
3             10          27,,
4             26          25,,
0.200343,,
  predictedround actualround,,
1             24          36,,
2             24          32,,
3              6          27,,
4             25          25,,
0.2837518,,
  predictedround actualround,,
1             15          36,,
2             15          32,,
3             27          27,,
4             19          25,,
0.3099222,,
  predictedround actualround,,
1             20          36,,
2             20          32,,
3             16          27,,
4             13          25,,
0.3519745,,
  predictedround actualround,,
1             10          36,,
2             22          32,,
3              9          27,,
4              6          25,,
0.5150196,,
  predictedround actualround,,
1             17          36,,
2             24          32,,
3             12          27,,
4             23          25,,
0.30558,,
  predictedround actualround,,
1             17          36,,
2             29          32,,
3             15          27,,
4             19          25,,
0.2781244,,
  predictedround actualround,,
1             26          36,,
2             22          32,,
3             23          27,,
4             22          25,,
0.188397,,
  predictedround actualround,,
1             32          36,,
2             16          32,,
3              8          27,,
4             13          25,,
0.3598248,,
