error2004,,
  predictedround actualround,,
1             10          25,,
2             12          24,,
3             10          26,,
4             37          15,,
0.2235241,,
  predictedround actualround,,
1             20          25,,
2             10          24,,
3             22          26,,
4             31          15,,
0.1338649,,
  predictedround actualround,,
1             10          25,,
2             10          24,,
3             20          26,,
4             29          15,,
0.1672059,,
  predictedround actualround,,
1             10          25,,
2             10          24,,
3             16          26,,
4             22          15,,
0.1610494,,
  predictedround actualround,,
1             10          25,,
2             10          24,,
3             11          26,,
4             29          15,,
0.1994282,,
  predictedround actualround,,
1             20          25,,
2             20          24,,
3             20          26,,
4             22          15,,
0.07960405,,
  predictedround actualround,,
1             11          25,,
2             13          24,,
3             14          26,,
4             21          15,,
0.1507334,,
  predictedround actualround,,
1             12          25,,
2             10          24,,
3             11          26,,
4             40          15,,
0.2329302,,
  predictedround actualround,,
1             10          25,,
2             22          24,,
3             23          26,,
4             27          15,,
0.1085165,,
  predictedround actualround,,
1             16          25,,
2             12          24,,
3             17          26,,
4             30          15,,
0.1539642,,
