error2004,,
  predictedround actualround,,
1             22          23,,
2             15          17,,
3             16          20,,
4             12          15,,
0.08498867,,
  predictedround actualround,,
1             18          23,,
2             16          17,,
3             16          20,,
4             13          15,,
0.1053541,,
  predictedround actualround,,
1             16          23,,
2             20          17,,
3             20          20,,
4             12          15,,
0.1171303,,
  predictedround actualround,,
1             21          23,,
2             19          17,,
3             19          20,,
4             15          15,,
0.04610335,,
  predictedround actualround,,
1             19          23,,
2             17          17,,
3             16          20,,
4             14          15,,
0.07663326,,
  predictedround actualround,,
1             22          23,,
2             23          17,,
3             20          20,,
4             22          15,,
0.1175492,,
  predictedround actualround,,
1             22          23,,
2             21          17,,
3             23          20,,
4             17          15,,
0.09321048,,
  predictedround actualround,,
1             21          23,,
2             12          17,,
3             21          20,,
4             18          15,,
0.09447711,,
  predictedround actualround,,
1             10          23,,
2             12          17,,
3             16          20,,
4             11          15,,
0.2251728,,
  predictedround actualround,,
1             24          23,,
2             18          17,,
3             16          20,,
4             13          15,,
0.06216119,,
