error2004,,
  predictedround actualround,,
1            119         114,,
2            153         129,,
3            155         121,,
4            146          96,,
0.1717669,,
  predictedround actualround,,
1            143         114,,
2            149         129,,
3            130         121,,
4            154          96,,
0.1757366,,
  predictedround actualround,,
1            101         114,,
2            122         129,,
3            142         121,,
4            163          96,,
0.1639294,,
  predictedround actualround,,
1            178         114,,
2            140         129,,
3            150         121,,
4            138          96,,
0.2210217,,
  predictedround actualround,,
1            109         114,,
2            141         129,,
3            156         121,,
4            150          96,,
0.1608073,,
  predictedround actualround,,
1            137         114,,
2            162         129,,
3            162         121,,
4            155          96,,
0.2358089,,
  predictedround actualround,,
1            160         114,,
2            161         129,,
3            118         121,,
4            156          96,,
0.213127,,
  predictedround actualround,,
1            122         114,,
2            164         129,,
3            165         121,,
4            164          96,,
0.232776,,
  predictedround actualround,,
1            109         114,,
2            135         129,,
3            158         121,,
4            162          96,,
0.1725349,,
  predictedround actualround,,
1            162         114,,
2            102         129,,
3             97         121,,
4            149          96,,
0.22865,,
