error2004,,
  predictedround actualround,,
1             33          34,,
2             18          25,,
3             31          27,,
4             25          37,,
0.08821179,,
  predictedround actualround,,
1             33          34,,
2             33          25,,
3             33          27,,
4             33          37,,
0.06788319,,
  predictedround actualround,,
1             27          34,,
2             23          25,,
3             39          27,,
4             31          37,,
0.09308999,,
  predictedround actualround,,
1             33          34,,
2             21          25,,
3             38          27,,
4             34          37,,
0.06782857,,
  predictedround actualround,,
1             28          34,,
2             25          25,,
3             39          27,,
4             31          37,,
0.08962592,,
  predictedround actualround,,
1             33          34,,
2             30          25,,
3             40          27,,
4             32          37,,
0.08630735,,
  predictedround actualround,,
1             31          34,,
2             25          25,,
3             32          27,,
4             30          37,,
0.05635187,,
  predictedround actualround,,
1             32          34,,
2             15          25,,
3             31          27,,
4             28          37,,
0.08779638,,
  predictedround actualround,,
1             26          34,,
2             25          25,,
3             31          27,,
4             28          37,,
0.07663457,,
  predictedround actualround,,
1             32          34,,
2             24          25,,
3             38          27,,
4             31          37,,
0.06791809,,
