error2004,,
  predictedround actualround,,
1             21          26,,
2             19          20,,
3             21          28,,
4             21          27,,
0.1537113,,
  predictedround actualround,,
1             19          26,,
2             21          20,,
3             21          28,,
4             19          27,,
0.18238,,
  predictedround actualround,,
1             13          26,,
2             18          20,,
3             23          28,,
4             22          27,,
0.2076623,,
  predictedround actualround,,
1             16          26,,
2             24          20,,
3             25          28,,
4             25          27,,
0.1641974,,
  predictedround actualround,,
1             24          26,,
2             26          20,,
3             19          28,,
4             24          27,,
0.1650908,,
  predictedround actualround,,
1             19          26,,
2             21          20,,
3             22          28,,
4             22          27,,
0.1515942,,
  predictedround actualround,,
1             23          26,,
2             23          20,,
3             28          28,,
4             25          27,,
0.06276897,,
  predictedround actualround,,
1             17          26,,
2             21          20,,
3             22          28,,
4             21          27,,
0.1906637,,
  predictedround actualround,,
1             25          26,,
2             23          20,,
3             26          28,,
4             24          27,,
0.07151648,,
  predictedround actualround,,
1             21          26,,
2             21          20,,
3             23          28,,
4             20          27,,
0.1406106,,
